/* Data for Test */

/* Departments */
insert into departments (did, name) values (1, 'Services');
insert into departments (did, name) values (2, 'Accounting');
insert into departments (did, name) values (3, 'Product Management');
insert into departments (did, name) values (4, 'Sales');
insert into departments (did, name) values (5, 'Human Resources');
insert into departments (did, name) values (6, 'Business Development');
insert into departments (did, name) values (7, 'Engineering');
insert into departments (did, name) values (8, 'Marketing');
insert into departments (did, name) values (9, 'Training');
insert into departments (did, name) values (10, 'Legal');

/* Employees */
insert into employees (id, email, name, contact_no, resignation_date, did) values (1, 'fgratton0@tuttocitta.it', 'Felita', '127-992-9313', null, 1);
insert into employees (id, email, name, contact_no, resignation_date, did) values (2, 'otremoille1@i2i.jp', 'Orren', '846-949-8309', null, 2);
insert into employees (id, email, name, contact_no, resignation_date, did) values (3, 'ddeering2@sogou.com', 'Darb', '410-411-6987', null, 3);
insert into employees (id, email, name, contact_no, resignation_date, did) values (4, 'swhatling3@purevolume.com', 'Sarge', '806-599-5745', null, 4);
insert into employees (id, email, name, contact_no, resignation_date, did) values (5, 'dburcher4@wikipedia.org', 'Dom', '177-516-3254', null, 5);
insert into employees (id, email, name, contact_no, resignation_date, did) values (6, 'ddonnan5@fastcompany.com', 'Dinnie', '702-646-5966', null, 6);
insert into employees (id, email, name, contact_no, resignation_date, did) values (7, 'mdinneen6@wix.com', 'Marsha', '944-968-8833', null, 7);
insert into employees (id, email, name, contact_no, resignation_date, did) values (8, 'frosentholer7@topsy.com', 'Fawnia', '855-340-4743', null, 8);
insert into employees (id, email, name, contact_no, resignation_date, did) values (9, 'tsimoneau8@indiatimes.com', 'Terrill', '477-330-3216', null, 9);
insert into employees (id, email, name, contact_no, resignation_date, did) values (10, 'fhampshire9@epa.gov', 'Flint', '191-479-3924', null, 10);
insert into employees (id, email, name, contact_no, resignation_date, did) values (11, 'jjzaka@dedecms.com', 'Jobina', '694-684-3549', null, 1);
insert into employees (id, email, name, contact_no, resignation_date, did) values (12, 'okingsworthb@independent.co.uk', 'Othella', '893-818-6638', null, 2);
insert into employees (id, email, name, contact_no, resignation_date, did) values (13, 'jmcianc@foxnews.com', 'Jessi', '964-153-9349', null, 3);
insert into employees (id, email, name, contact_no, resignation_date, did) values (14, 'ibrunoned@wordpress.org', 'Ignacius', '100-266-3241', null, 4);
insert into employees (id, email, name, contact_no, resignation_date, did) values (15, 'kchazellee@spiegel.de', 'Korie', '359-912-0627', null, 5);
insert into employees (id, email, name, contact_no, resignation_date, did) values (16, 'dsolowayf@ning.com', 'Danyelle', '514-501-6312', null, 6);
insert into employees (id, email, name, contact_no, resignation_date, did) values (17, 'blohdeg@odnoklassniki.ru', 'Beatriz', '507-920-7071', null, 7);
insert into employees (id, email, name, contact_no, resignation_date, did) values (18, 'ispellerh@amazon.com', 'Inness', '414-758-3440', null, 8);
insert into employees (id, email, name, contact_no, resignation_date, did) values (19, 'epettengelli@gnu.org', 'Edna', '156-662-3473', null, 9);
insert into employees (id, email, name, contact_no, resignation_date, did) values (20, 'slicasj@tripadvisor.com', 'Sullivan', '563-428-0382', null, 10);
insert into employees (id, email, name, contact_no, resignation_date, did) values (21, 'ufolkerk@oakley.com', 'Uta', '670-961-2881', null, 1);
insert into employees (id, email, name, contact_no, resignation_date, did) values (22, 'mlincel@soup.io', 'Merrili', '997-379-7775', null, 2);
insert into employees (id, email, name, contact_no, resignation_date, did) values (23, 'lcroutearm@chron.com', 'Lindsey', '658-392-5036', null, 3);
insert into employees (id, email, name, contact_no, resignation_date, did) values (24, 'broscampn@globo.com', 'Bunni', '876-296-8070', null, 4);
insert into employees (id, email, name, contact_no, resignation_date, did) values (25, 'herto@deviantart.com', 'Hunter', '726-777-1616', null, 5);
insert into employees (id, email, name, contact_no, resignation_date, did) values (26, 'mlishmundp@prweb.com', 'Maynord', '605-460-5176', null, 6);
insert into employees (id, email, name, contact_no, resignation_date, did) values (27, 'lkennq@wikimedia.org', 'Linoel', '760-739-0009', null, 7);
insert into employees (id, email, name, contact_no, resignation_date, did) values (28, 'kwallingr@gravatar.com', 'Kyle', '434-581-4931', null, 8);
insert into employees (id, email, name, contact_no, resignation_date, did) values (29, 'qwasielewskis@topsy.com', 'Quent', '405-959-0201', null, 9);
insert into employees (id, email, name, contact_no, resignation_date, did) values (30, 'gmacnamarat@cnet.com', 'Glori', '441-922-2908', null, 10);

/* Health declarations */
insert into health_declarations (d_date, eid, temperature) values (CURRENT_DATE, 1, 36.5);
insert into health_declarations (d_date, eid, temperature) values (CURRENT_DATE, 2, 35.8);
insert into health_declarations (d_date, eid, temperature) values (CURRENT_DATE, 3, 35.8);
insert into health_declarations (d_date, eid, temperature) values (CURRENT_DATE, 4, 36.5);
insert into health_declarations (d_date, eid, temperature) values (CURRENT_DATE, 5, 36.7);
insert into health_declarations (d_date, eid, temperature) values (CURRENT_DATE, 6, 35.8);
insert into health_declarations (d_date, eid, temperature) values (CURRENT_DATE, 7, 35.8);
insert into health_declarations (d_date, eid, temperature) values (CURRENT_DATE, 8, 35.8);
insert into health_declarations (d_date, eid, temperature) values (CURRENT_DATE, 9, 36.5);
insert into health_declarations (d_date, eid, temperature) values (CURRENT_DATE, 10, 36.7);
insert into health_declarations (d_date, eid, temperature) values (CURRENT_DATE, 11, 35.8);
insert into health_declarations (d_date, eid, temperature) values (CURRENT_DATE, 12, 36.7);
insert into health_declarations (d_date, eid, temperature) values (CURRENT_DATE, 13, 35.8);
insert into health_declarations (d_date, eid, temperature) values (CURRENT_DATE, 14, 36.5);
insert into health_declarations (d_date, eid, temperature) values (CURRENT_DATE, 15, 36.7);
insert into health_declarations (d_date, eid, temperature) values (CURRENT_DATE, 16, 36.7);
insert into health_declarations (d_date, eid, temperature) values (CURRENT_DATE, 17, 35.7);
insert into health_declarations (d_date, eid, temperature) values (CURRENT_DATE, 18, 35.8);
insert into health_declarations (d_date, eid, temperature) values (CURRENT_DATE, 19, 36.5);
insert into health_declarations (d_date, eid, temperature) values (CURRENT_DATE, 20, 35.7);
insert into health_declarations (d_date, eid, temperature) values (CURRENT_DATE, 21, 35.7);
insert into health_declarations (d_date, eid, temperature) values (CURRENT_DATE, 22, 35.7);
insert into health_declarations (d_date, eid, temperature) values (CURRENT_DATE, 23, 35.7);
insert into health_declarations (d_date, eid, temperature) values (CURRENT_DATE, 24, 36.5);
insert into health_declarations (d_date, eid, temperature) values (CURRENT_DATE, 25, 36.7);
insert into health_declarations (d_date, eid, temperature) values (CURRENT_DATE, 26, 35.7);
insert into health_declarations (d_date, eid, temperature) values (CURRENT_DATE, 27, 36.5);
insert into health_declarations (d_date, eid, temperature) values (CURRENT_DATE, 28, 36.5);
insert into health_declarations (d_date, eid, temperature) values (CURRENT_DATE, 29, 36.7);
insert into health_declarations (d_date, eid, temperature) values (CURRENT_DATE, 30, 36.7);

/* Juniors */
insert into juniors (eid) values (1);
insert into juniors (eid) values (2);
insert into juniors (eid) values (3);
insert into juniors (eid) values (4);
insert into juniors (eid) values (5);
insert into juniors (eid) values (6);
insert into juniors (eid) values (7);
insert into juniors (eid) values (8);
insert into juniors (eid) values (9);
insert into juniors (eid) values (10);

/* Bookers */
insert into bookers (eid) values (11);
insert into bookers (eid) values (12);
insert into bookers (eid) values (13);
insert into bookers (eid) values (14);
insert into bookers (eid) values (15);
insert into bookers (eid) values (16);
insert into bookers (eid) values (17);
insert into bookers (eid) values (18);
insert into bookers (eid) values (19);
insert into bookers (eid) values (20);
insert into bookers (eid) values (21);
insert into bookers (eid) values (22);
insert into bookers (eid) values (23);
insert into bookers (eid) values (24);
insert into bookers (eid) values (25);
insert into bookers (eid) values (26);
insert into bookers (eid) values (27);
insert into bookers (eid) values (28);
insert into bookers (eid) values (29);
insert into bookers (eid) values (30);

/* Seniors */
insert into seniors (eid) values (11);
insert into seniors (eid) values (12);
insert into seniors (eid) values (13);
insert into seniors (eid) values (14);
insert into seniors (eid) values (15);
insert into seniors (eid) values (16);
insert into seniors (eid) values (17);
insert into seniors (eid) values (18);
insert into seniors (eid) values (19);
insert into seniors (eid) values (20);

/* Managers */
insert into managers (eid) values (21);
insert into managers (eid) values (22);
insert into managers (eid) values (23);
insert into managers (eid) values (24);
insert into managers (eid) values (25);
insert into managers (eid) values (26);
insert into managers (eid) values (27);
insert into managers (eid) values (28);
insert into managers (eid) values (29);
insert into managers (eid) values (30);

BEGIN;
/* Meeting rooms */
insert into meeting_rooms (floor_no, room_no, name, did) values (1, 1, 'consequat', 1);
insert into meeting_rooms (floor_no, room_no, name, did) values (1, 2, 'cum', 2);
insert into meeting_rooms (floor_no, room_no, name, did) values (1, 3, 'elit', 3);
insert into meeting_rooms (floor_no, room_no, name, did) values (1, 4, 'nullam', 4);
insert into meeting_rooms (floor_no, room_no, name, did) values (1, 5, 'lorem', 5);
insert into meeting_rooms (floor_no, room_no, name, did) values (2, 1, 'volutpat', 6);
insert into meeting_rooms (floor_no, room_no, name, did) values (2, 2, 'amet', 7);
insert into meeting_rooms (floor_no, room_no, name, did) values (2, 3, 'sem', 8);
insert into meeting_rooms (floor_no, room_no, name, did) values (2, 4, 'nulla', 9);
insert into meeting_rooms (floor_no, room_no, name, did) values (2, 5, 'pellentesque', 10);
insert into meeting_rooms (floor_no, room_no, name, did) values (3, 1, 'purus', 1);
insert into meeting_rooms (floor_no, room_no, name, did) values (3, 2, 'luctus', 2);
insert into meeting_rooms (floor_no, room_no, name, did) values (3, 3, 'vivamus', 3);
insert into meeting_rooms (floor_no, room_no, name, did) values (3, 4, 'etiam', 4);
insert into meeting_rooms (floor_no, room_no, name, did) values (3, 5, 'a', 5);
insert into meeting_rooms (floor_no, room_no, name, did) values (4, 1, 'dictumst', 6);
insert into meeting_rooms (floor_no, room_no, name, did) values (4, 2, 'in', 7);
insert into meeting_rooms (floor_no, room_no, name, did) values (4, 3, 'lacus', 8);
insert into meeting_rooms (floor_no, room_no, name, did) values (4, 4, 'in', 9);
insert into meeting_rooms (floor_no, room_no, name, did) values (4, 5, 'velit', 10);

/* Updates */
insert into updates (floor_no, room_no, udate, capacity, mid) values (1, 1, (CURRENT_DATE - INTERVAL '1 DAY')::date, 10, 21);
insert into updates (floor_no, room_no, udate, capacity, mid) values (1, 2, (CURRENT_DATE - INTERVAL '1 DAY')::date, 10, 22);
insert into updates (floor_no, room_no, udate, capacity, mid) values (1, 3, (CURRENT_DATE - INTERVAL '1 DAY')::date, 10, 23);
insert into updates (floor_no, room_no, udate, capacity, mid) values (1, 4, (CURRENT_DATE - INTERVAL '1 DAY')::date, 10, 24);
insert into updates (floor_no, room_no, udate, capacity, mid) values (1, 5, (CURRENT_DATE - INTERVAL '1 DAY')::date, 10, 25);
insert into updates (floor_no, room_no, udate, capacity, mid) values (2, 1, (CURRENT_DATE - INTERVAL '1 DAY')::date, 10, 26);
insert into updates (floor_no, room_no, udate, capacity, mid) values (2, 2, (CURRENT_DATE - INTERVAL '1 DAY')::date, 10, 27);
insert into updates (floor_no, room_no, udate, capacity, mid) values (2, 3, (CURRENT_DATE - INTERVAL '1 DAY')::date, 10, 28);
insert into updates (floor_no, room_no, udate, capacity, mid) values (2, 4, (CURRENT_DATE - INTERVAL '1 DAY')::date, 10, 29);
insert into updates (floor_no, room_no, udate, capacity, mid) values (2, 5, (CURRENT_DATE - INTERVAL '1 DAY')::date, 10, 30);
insert into updates (floor_no, room_no, udate, capacity, mid) values (3, 1, (CURRENT_DATE - INTERVAL '1 DAY')::date, 10, 21);
insert into updates (floor_no, room_no, udate, capacity, mid) values (3, 2, (CURRENT_DATE - INTERVAL '1 DAY')::date, 10, 22);
insert into updates (floor_no, room_no, udate, capacity, mid) values (3, 3, (CURRENT_DATE - INTERVAL '1 DAY')::date, 10, 23);
insert into updates (floor_no, room_no, udate, capacity, mid) values (3, 4, (CURRENT_DATE - INTERVAL '1 DAY')::date, 10, 24);
insert into updates (floor_no, room_no, udate, capacity, mid) values (3, 5, (CURRENT_DATE - INTERVAL '1 DAY')::date, 10, 25);
insert into updates (floor_no, room_no, udate, capacity, mid) values (4, 1, (CURRENT_DATE - INTERVAL '1 DAY')::date, 10, 26);
insert into updates (floor_no, room_no, udate, capacity, mid) values (4, 2, (CURRENT_DATE - INTERVAL '1 DAY')::date, 10, 27);
insert into updates (floor_no, room_no, udate, capacity, mid) values (4, 3, (CURRENT_DATE - INTERVAL '1 DAY')::date, 10, 28);
insert into updates (floor_no, room_no, udate, capacity, mid) values (4, 4, (CURRENT_DATE - INTERVAL '1 DAY')::date, 10, 29);
insert into updates (floor_no, room_no, udate, capacity, mid) values (4, 5, (CURRENT_DATE - INTERVAL '1 DAY')::date, 10, 30);

COMMIT;

/* meetings */
insert into meetings (floor_no, room_no, mdate, starttime, booker_eid) values (1, 1, (CURRENT_DATE + INTERVAL '1 DAY')::date, 12, 11);
insert into meetings (floor_no, room_no, mdate, starttime, booker_eid) values (1, 2, (CURRENT_DATE + INTERVAL '1 DAY')::date, 12, 12);
insert into meetings (floor_no, room_no, mdate, starttime, booker_eid) values (1, 3, (CURRENT_DATE + INTERVAL '1 DAY')::date, 12, 13);
insert into meetings (floor_no, room_no, mdate, starttime, booker_eid) values (1, 4, (CURRENT_DATE + INTERVAL '1 DAY')::date, 12, 14);
insert into meetings (floor_no, room_no, mdate, starttime, booker_eid) values (1, 5, (CURRENT_DATE + INTERVAL '1 DAY')::date, 12, 15);
insert into meetings (floor_no, room_no, mdate, starttime, booker_eid) values (2, 1, (CURRENT_DATE + INTERVAL '1 DAY')::date, 12, 16);
insert into meetings (floor_no, room_no, mdate, starttime, booker_eid) values (2, 2, (CURRENT_DATE + INTERVAL '1 DAY')::date, 12, 17);
insert into meetings (floor_no, room_no, mdate, starttime, booker_eid) values (2, 3, (CURRENT_DATE + INTERVAL '1 DAY')::date, 12, 18);
insert into meetings (floor_no, room_no, mdate, starttime, booker_eid) values (2, 4, (CURRENT_DATE + INTERVAL '1 DAY')::date, 12, 19);
insert into meetings (floor_no, room_no, mdate, starttime, booker_eid) values (2, 5, (CURRENT_DATE + INTERVAL '1 DAY')::date, 12, 20);
insert into meetings (floor_no, room_no, mdate, starttime, booker_eid) values (3, 1, (CURRENT_DATE + INTERVAL '1 DAY')::date, 12, 21);
insert into meetings (floor_no, room_no, mdate, starttime, booker_eid) values (3, 2, (CURRENT_DATE + INTERVAL '1 DAY')::date, 12, 22);
insert into meetings (floor_no, room_no, mdate, starttime, booker_eid) values (3, 3, (CURRENT_DATE + INTERVAL '1 DAY')::date, 12, 23);
insert into meetings (floor_no, room_no, mdate, starttime, booker_eid) values (3, 4, (CURRENT_DATE + INTERVAL '1 DAY')::date, 12, 24);
insert into meetings (floor_no, room_no, mdate, starttime, booker_eid) values (3, 5, (CURRENT_DATE + INTERVAL '1 DAY')::date, 12, 25);
insert into meetings (floor_no, room_no, mdate, starttime, booker_eid) values (4, 1, (CURRENT_DATE + INTERVAL '1 DAY')::date, 12, 26);
insert into meetings (floor_no, room_no, mdate, starttime, booker_eid) values (4, 2, (CURRENT_DATE + INTERVAL '1 DAY')::date, 12, 27);
insert into meetings (floor_no, room_no, mdate, starttime, booker_eid) values (4, 3, (CURRENT_DATE + INTERVAL '1 DAY')::date, 12, 28);
insert into meetings (floor_no, room_no, mdate, starttime, booker_eid) values (4, 4, (CURRENT_DATE + INTERVAL '1 DAY')::date, 12, 29);
insert into meetings (floor_no, room_no, mdate, starttime, booker_eid) values (4, 5, (CURRENT_DATE + INTERVAL '1 DAY')::date, 12, 30);
